text,domain
Developing a system that uses supervised learning algorithms like random forests and gradient boosting to predict customer churn in telecom companies based on usage patterns and demographics.,Machine Learning|Data Analytics
Building an image classification model using convolutional neural networks to automatically categorize product images for an e-commerce platform.,Deep Learning|Computer Vision|E-Commerce
Creating a chatbot using natural language processing techniques that can answer frequently asked questions for university students about course registration and deadlines.,Natural Language Processing|Education
Developing an object detection system using YOLO architecture to identify and count vehicles in traffic surveillance footage for urban planning.,Computer Vision|Deep Learning
Building a speech-to-text transcription system for Sinhala language using recurrent neural networks and attention mechanisms.,Speech & Audio|Deep Learning|Natural Language Processing
Designing an autonomous robot that uses LIDAR and computer vision to navigate indoor environments and deliver packages within a warehouse.,Robotics|Computer Vision|Automation
"Creating a smart home automation system using ESP32 microcontrollers and MQTT protocol to monitor and control lighting, temperature, and security from a mobile app.",IoT|Mobile Development|Automation
Developing a network intrusion detection system using machine learning to identify anomalous traffic patterns and potential cyber attacks in real-time.,Cybersecurity|Machine Learning|Networking
Building a software-defined networking controller that optimizes traffic routing in enterprise networks using reinforcement learning algorithms.,Networking|Machine Learning|Cloud Computing
Designing a cloud-native microservices architecture for a scalable video streaming platform with auto-scaling and load balancing on AWS.,Cloud Computing|Web Development
"Creating a progressive web application for a restaurant chain that supports online ordering, table reservations, and real-time order tracking.",Web Development|E-Commerce
"Developing a cross-platform mobile application using Flutter for managing personal finances, including expense tracking, budget planning, and investment portfolio monitoring.",Mobile Development|Finance
Building a distributed database system that ensures strong consistency across multiple data centers using a consensus protocol inspired by Raft.,Database Systems|Cloud Computing
"Creating a decentralized voting system using Ethereum smart contracts that ensures transparency, immutability, and voter privacy for university student elections.",Blockchain|Cybersecurity
Developing an interactive data visualization dashboard using D3.js that displays real-time COVID-19 statistics with geospatial mapping and trend analysis.,Data Analytics|Web Development|Geospatial Systems
"Building a telemedicine platform that allows patients to consult with doctors via video call, manage prescriptions, and access their medical records securely.",Healthcare|Web Development|Cybersecurity
"Designing a wearable biomedical device that continuously monitors heart rate, blood oxygen levels, and ECG signals and sends alerts to healthcare providers.",Biomedical Engineering|IoT|Healthcare
Developing an algorithmic trading bot that uses time-series analysis and machine learning to predict stock price movements and execute trades automatically.,Finance|Machine Learning|Automation
Creating an online marketplace platform with recommendation engine that suggests products based on user browsing history and purchase patterns.,E-Commerce|Recommendation Systems|Web Development
Building an adaptive learning management system that personalizes course content and quiz difficulty based on individual student performance and learning style.,Education|Machine Learning|Web Development
"Developing a legal document analysis tool using NLP that can extract key clauses, identify risks, and compare contracts against standard templates.",Legal|Natural Language Processing
Creating a precision agriculture system that uses drone imagery and soil sensor data to optimize irrigation and fertilizer application for paddy fields in Sri Lanka.,Agriculture|IoT|Image Processing|Geospatial Systems
"Building an environmental monitoring network using low-power IoT sensors to track air quality, water quality, and noise levels across a city and visualize data on a map.",Environmental Science|IoT|Data Analytics|Geospatial Systems
Developing a robotic process automation framework that automates repetitive data entry tasks in banking operations by interacting with legacy software interfaces.,Automation|Finance
"Creating a 3D multiplayer online game using Unity with procedural terrain generation, physics-based combat, and a matchmaking system.",Game Development|Networking
Building a collaborative filtering recommendation system for a music streaming service that suggests songs based on listening history and user similarity.,Recommendation Systems|Machine Learning
"Developing an image enhancement tool that uses histogram equalization, noise reduction, and edge sharpening algorithms to improve quality of medical X-ray images.",Image Processing|Healthcare
"Creating a social media analytics platform that tracks brand mentions, performs sentiment analysis on tweets, and generates automated engagement reports.",Social Media Analytics|Natural Language Processing|Data Analytics
Building a GIS-based emergency response system that optimizes ambulance routing using real-time traffic data and hospital capacity information.,Geospatial Systems|Healthcare|Automation
Designing an augmented reality application that helps interior designers visualize furniture placement in real rooms using smartphone cameras.,Human-Computer Interaction|Mobile Development|Computer Vision
Developing a deep learning model using transformers to generate realistic synthetic medical images for training diagnostic AI systems where real data is scarce.,Deep Learning|Healthcare|Image Processing
Creating a federated learning framework that allows multiple hospitals to collaboratively train a disease prediction model without sharing patient data.,Machine Learning|Healthcare|Cybersecurity
Building a BERT-based text summarization system that can condense lengthy research papers into concise abstracts while preserving key findings.,Natural Language Processing|Deep Learning
Developing an AI-powered security camera system that uses facial recognition and anomaly detection to identify suspicious behavior in retail stores.,Computer Vision|Cybersecurity|Deep Learning
"Creating a voice-controlled smart assistant for elderly users that can manage medication reminders, make emergency calls, and control home appliances.",Speech & Audio|IoT|Healthcare|Human-Computer Interaction
Designing a multi-robot coordination system for agricultural harvesting where robots communicate and divide work areas to maximize field coverage.,Robotics|Agriculture|Automation
Building a smart parking system using ultrasonic sensors and a mobile app that guides drivers to available parking spots in real-time within a shopping mall.,IoT|Mobile Development
Implementing a honey pot system and network traffic analyzer to study and classify the methods used by attackers to compromise enterprise web servers.,Cybersecurity|Networking
Developing a peer-to-peer content delivery network that uses edge computing nodes to reduce latency for video streaming in regions with limited infrastructure.,Networking|Cloud Computing
Creating a serverless event-driven architecture on AWS Lambda for processing and analyzing IoT sensor data from thousands of smart city devices.,Cloud Computing|IoT|Data Analytics
Building a real-time collaborative code editor web application similar to Google Docs but specifically designed for pair programming with integrated terminal.,Web Development
"Developing a native Android health tracking app that uses phone sensors to monitor physical activity, sleep patterns, and provides personalized wellness recommendations.",Mobile Development|Healthcare
Creating an intelligent query optimization engine for PostgreSQL that uses workload analysis to automatically suggest and create indexes for frequently run queries.,Database Systems|Automation
Building a supply chain transparency platform using Hyperledger Fabric blockchain to track products from manufacturer to consumer with verified provenance.,Blockchain|E-Commerce
Developing a business intelligence dashboard that aggregates data from multiple ERP systems and uses statistical models to forecast quarterly sales performance.,Data Analytics|Finance
"Creating a remote patient monitoring system that collects vital signs from wearable sensors, detects deterioration using ML, and alerts medical staff in hospitals.",Healthcare|IoT|Machine Learning|Biomedical Engineering
Designing an EEG signal processing system that classifies brain states for a brain-computer interface enabling paralyzed patients to control a wheelchair.,Biomedical Engineering|Deep Learning|Human-Computer Interaction
Developing a fraud detection system for credit card transactions that uses ensemble machine learning methods to identify suspicious patterns in real-time.,Finance|Machine Learning|Cybersecurity
"Building a multi-vendor e-commerce platform with integrated payment gateway, inventory management, and a dynamic pricing engine based on demand analysis.",E-Commerce|Web Development|Data Analytics
Creating a gamified coding education platform for children aged 8-14 that teaches programming concepts through interactive puzzles and visual block-based coding.,Education|Game Development|Web Development
"Developing an AI-powered contract review system that highlights potentially unfair clauses, checks compliance with Sri Lankan consumer protection law, and suggests amendments.",Legal|Natural Language Processing|Machine Learning
"Creating a smart greenhouse monitoring system using Arduino sensors and a web dashboard to control temperature, humidity, and light levels for optimal crop growth.",Agriculture|IoT|Web Development
Building a carbon footprint calculator web application that analyzes household energy consumption data and provides personalized recommendations to reduce environmental impact.,Environmental Science|Web Development|Data Analytics
Developing an intelligent workflow automation system using process mining techniques to identify bottlenecks in business processes and suggest optimizations.,Automation|Data Analytics
"Creating a real-time strategy game engine with pathfinding AI, fog of war mechanics, and a scripting system for modders to create custom game scenarios.",Game Development|Machine Learning
"Building a content-based movie recommendation system that analyzes plot descriptions, genres, and user reviews using TF-IDF and cosine similarity.",Recommendation Systems|Natural Language Processing
"Developing a document scanner application that uses perspective correction, adaptive thresholding, and OCR to digitize handwritten notes and printed documents.",Image Processing|Mobile Development
Creating a fake news detection system that analyzes social media posts using NLP and network analysis to identify misinformation campaigns and their propagation patterns.,Social Media Analytics|Natural Language Processing|Cybersecurity
"Building a fleet management system with GPS tracking, route optimization, and geofencing alerts for a logistics company operating across multiple cities.",Geospatial Systems|Mobile Development|Automation
"Designing a gesture-based interface for controlling presentations using hand tracking with a depth camera, eliminating the need for clickers or keyboard interaction.",Human-Computer Interaction|Computer Vision
Developing a generative adversarial network to create realistic face images for privacy-preserving datasets used in training face verification systems.,Deep Learning|Computer Vision|Cybersecurity
Building a predictive maintenance system for manufacturing equipment that uses sensor data and machine learning to forecast failures before they occur.,Machine Learning|IoT|Automation
Creating a question-answering system using retrieval-augmented generation that searches through university course materials to answer student queries.,Natural Language Processing|Deep Learning|Education
Developing a real-time pothole detection system that uses smartphone accelerometer data and computer vision from dashcams to map road quality.,Computer Vision|IoT|Geospatial Systems
Building an emotion recognition system from speech that uses mel-frequency cepstral coefficients and deep learning to classify speaker emotional states.,Speech & Audio|Deep Learning
Designing a warehouse robot that uses SLAM algorithms and a robotic arm to autonomously pick and place items from shelves for order fulfillment.,Robotics|Automation|Computer Vision
Creating an air quality monitoring station using gas sensors connected to a Raspberry Pi that uploads readings to a cloud dashboard and triggers alerts.,IoT|Environmental Science|Cloud Computing
Developing a zero-trust network architecture implementation with continuous authentication and micro-segmentation for a university campus network.,Cybersecurity|Networking
Building a mesh networking protocol for disaster relief communication where smartphones form ad-hoc networks when cellular infrastructure is destroyed.,Networking|Mobile Development
Designing a multi-tenant SaaS platform with Kubernetes orchestration that automatically provisions isolated environments for each customer.,Cloud Computing|Web Development
"Creating a progressive web app for a local newspaper that supports offline reading, push notifications for breaking news, and AMP-compatible article pages.",Web Development
Developing a medication adherence mobile app that uses barcode scanning for pill identification and sends smart reminders based on prescription schedules.,Mobile Development|Healthcare
Building a time-series database optimized for IoT workloads that supports high-throughput ingestion and efficient range queries over sensor measurements.,Database Systems|IoT
Creating a decentralized file storage system using IPFS and blockchain-based access control for secure document sharing among legal professionals.,Blockchain|Legal|Cybersecurity
Developing an automated report generation system that queries multiple data sources and produces formatted PDF reports with charts and executive summaries.,Data Analytics|Automation
Creating a patient triage system for emergency departments that uses symptom data and vital signs to prioritize patients based on severity using ML models.,Healthcare|Machine Learning
Designing a low-cost prosthetic hand with EMG signal control that uses 3D-printed components and a microcontroller to enable basic grip patterns.,Biomedical Engineering|Robotics|IoT
Developing a personal finance advisor chatbot that analyzes spending patterns and provides budgeting advice tailored to the user's income and financial goals.,Finance|Natural Language Processing
"Building an auction-style e-commerce platform with real-time bidding, anti-sniping protection, and an escrow payment system for high-value collectibles.",E-Commerce|Web Development
Creating a plagiarism detection system for university submissions that uses document fingerprinting and semantic similarity to identify copied content.,Education|Natural Language Processing
"Developing an AI-powered legal research assistant that searches case law databases, identifies relevant precedents, and summarizes judicial reasoning.",Legal|Natural Language Processing|Machine Learning
Creating an automated crop disease detection system using drone aerial imagery and deep learning to identify infected plants in tea plantations.,Agriculture|Deep Learning|Computer Vision|Image Processing
Building a water quality prediction model using historical sensor data and weather forecasts to predict contamination events in urban water supply systems.,Environmental Science|Machine Learning|Data Analytics
"Developing an email workflow automation tool that categorizes incoming emails, drafts responses using templates, and routes messages to appropriate departments.",Automation|Natural Language Processing
"Creating a virtual reality horror game with procedural level generation, dynamic AI-driven enemies, and biometric integration that adapts difficulty to player stress.",Game Development|Deep Learning|Human-Computer Interaction
Building a hybrid recommendation engine for an online bookstore that combines collaborative filtering with knowledge graph embeddings of book metadata.,Recommendation Systems|Machine Learning|E-Commerce
Developing a panoramic image stitching application that seamlessly merges multiple overlapping photos using feature matching and homography estimation.,Image Processing|Computer Vision
"Creating an influencer marketing analytics platform that measures engagement authenticity, detects bot followers, and calculates true ROI for brand campaigns.",Social Media Analytics|Data Analytics|Machine Learning
"Building a real-time bus tracking system with estimated arrival times, route planning, and a mobile interface for public transportation in Colombo.",Geospatial Systems|Mobile Development|IoT
"Designing a brain-computer interface prototype that uses EEG signals to control a cursor on screen, enabling communication for patients with motor disabilities.",Human-Computer Interaction|Biomedical Engineering|Deep Learning
Building a customer segmentation model using k-means clustering and RFM analysis to identify high-value customers and tailor marketing campaigns for a retail chain.,Machine Learning|Data Analytics|E-Commerce
Developing a neural machine translation system for Sinhala-to-English translation using encoder-decoder architecture with attention mechanism.,Deep Learning|Natural Language Processing
Creating a food recognition application that identifies dishes from photos and estimates nutritional content using a fine-tuned image classification model.,Computer Vision|Deep Learning|Healthcare
Building an audio watermarking system that embeds invisible copyright information into music files and can detect unauthorized copies across streaming platforms.,Speech & Audio|Cybersecurity
Designing a collaborative robot system for fruit picking that uses soft grippers and visual servoing to handle delicate produce without damage.,Robotics|Agriculture|Computer Vision
Creating a wildfire detection system using IoT temperature and smoke sensors deployed in forest areas with satellite imagery analysis for early warning.,IoT|Environmental Science|Image Processing
Implementing a DDoS attack mitigation system using machine learning to classify and filter malicious traffic at the network edge in real-time.,Cybersecurity|Machine Learning|Networking
Developing a network performance monitoring tool that uses SNMP polling and flow analysis to create topology maps and identify bandwidth bottlenecks.,Networking|Data Analytics
Building a hybrid cloud deployment tool that automates application migration between on-premises infrastructure and public cloud providers with zero downtime.,Cloud Computing|Automation
"Creating an accessible e-government portal that allows citizens to apply for permits, pay taxes, and access public records with full WCAG 2.1 compliance.",Web Development|Human-Computer Interaction
Developing a fitness coaching mobile app that uses pose estimation from camera feed to verify exercise form and count repetitions in real-time.,Mobile Development|Computer Vision|Healthcare
Building a graph database query engine optimized for social network analysis that efficiently traverses relationship paths and computes centrality metrics.,Database Systems|Social Media Analytics
Creating a blockchain-based academic credential verification system that allows employers to instantly verify university degrees and certifications.,Blockchain|Education
"Developing a sentiment analysis pipeline for product reviews that classifies reviews by aspect (quality, price, delivery) and generates improvement insights.",Data Analytics|Natural Language Processing|E-Commerce
Creating a mental health screening chatbot that uses validated psychological questionnaires and NLP to perform preliminary assessments and recommend professional help.,Healthcare|Natural Language Processing
Designing a portable ultrasound imaging device with AI-assisted anomaly detection that enables diagnostic imaging in rural healthcare centers.,Biomedical Engineering|Deep Learning|Healthcare
"Developing a cryptocurrency portfolio management platform with automated rebalancing, tax calculation, and market sentiment analysis from social media.",Finance|Blockchain|Social Media Analytics
Building a peer-to-peer decentralized marketplace using smart contracts for buying and selling digital art with royalty enforcement for original creators.,E-Commerce|Blockchain
"Creating an intelligent tutoring system that adapts to student learning pace, generates personalized practice problems, and provides step-by-step explanations.",Education|Machine Learning
"Developing a predictive policing dashboard that analyzes historical crime data, weather, and event schedules to forecast crime density across city districts.",Legal|Data Analytics|Geospatial Systems
Creating a vertical farming monitoring system using soil and climate sensors with automated nutrient delivery controlled by a machine learning model.,Agriculture|IoT|Machine Learning
Building a noise pollution mapping tool that uses smartphone microphone data from volunteers to create real-time acoustic maps of urban neighborhoods.,Environmental Science|Geospatial Systems|Mobile Development
Developing an intelligent document processing pipeline using OCR and NLP to automatically extract and categorize information from invoices and receipts.,Automation|Natural Language Processing|Image Processing
Creating a physics-based puzzle game for mobile devices with realistic fluid dynamics simulation and a level editor for community-created content.,Game Development|Mobile Development
"Building a context-aware travel recommendation system that suggests attractions based on user preferences, location, weather, and time of day.",Recommendation Systems|Geospatial Systems|Mobile Development
Developing a satellite image super-resolution tool using deep learning to enhance low-resolution Earth observation imagery for agricultural monitoring.,Image Processing|Deep Learning|Agriculture
"Creating a social media content scheduling platform with optimal posting time prediction, multi-platform posting, and engagement analytics dashboard.",Social Media Analytics|Web Development|Machine Learning
Building an indoor positioning system using BLE beacons and fingerprinting algorithms for accurate navigation inside large shopping malls.,Geospatial Systems|IoT|Mobile Development
Designing a virtual reality workspace application that enables remote teams to collaborate in shared 3D environments with spatial audio and whiteboarding.,Human-Computer Interaction|Cloud Computing
Developing an anomaly detection model for industrial IoT sensor data that identifies equipment malfunctions by learning normal operating patterns.,Machine Learning|IoT|Automation
Creating a text classification system that categorizes news articles into topics using TF-IDF features and support vector machines.,Machine Learning|Natural Language Processing
Building a facial expression recognition system using transfer learning on a pre-trained ResNet model to detect six basic emotions from video feeds.,Deep Learning|Computer Vision
Developing a semantic search engine for medical literature that uses sentence embeddings to find relevant research papers based on clinical questions.,Natural Language Processing|Healthcare|Deep Learning
Creating a barcode and QR code scanner library for mobile that uses computer vision to decode multiple formats simultaneously from camera preview.,Computer Vision|Mobile Development
Building a keyword spotting system for low-power IoT devices that can recognize wake words using tiny ML models running on microcontrollers.,Speech & Audio|IoT|Machine Learning
Designing a self-driving RC car that uses camera input and a trained neural network to follow lanes and avoid obstacles on a test track.,Robotics|Deep Learning|Computer Vision
Creating a home energy monitoring system using current transformer sensors and a Raspberry Pi that tracks per-appliance energy consumption in real-time.,IoT|Data Analytics|Environmental Science
Developing a web application firewall that uses deep packet inspection and behavioral analysis to block SQL injection and XSS attacks.,Cybersecurity|Web Development|Networking
Building an overlay network for anonymous communication using onion routing principles with end-to-end encryption for journalists in restrictive regions.,Networking|Cybersecurity
Designing an infrastructure-as-code framework that generates Terraform configurations from high-level architecture diagrams drawn by system architects.,Cloud Computing|Automation
"Creating a single-page application for project management with kanban boards, Gantt charts, real-time collaboration, and GitHub integration.",Web Development
Developing a location-based augmented reality mobile game similar to Pokemon Go that uses real-world landmarks as game objectives.,Mobile Development|Game Development|Geospatial Systems
Building a real-time change data capture system that synchronizes data between PostgreSQL and Elasticsearch for a search-intensive application.,Database Systems|Web Development
Creating a token-based crowdfunding platform using blockchain smart contracts with milestone-based fund release and investor governance mechanisms.,Blockchain|Finance
Developing a financial data analytics platform that performs Monte Carlo simulations for risk assessment and Value-at-Risk calculations for investment portfolios.,Data Analytics|Finance
Creating a fall detection system for elderly patients using wearable accelerometers that automatically contacts emergency services when a fall is detected.,Healthcare|IoT|Biomedical Engineering
Developing a portable blood glucose monitoring device with IoT connectivity that tracks readings over time and provides dietary adjustment suggestions.,Biomedical Engineering|IoT|Healthcare
"Building a robo-advisor platform that creates personalized investment portfolios based on risk tolerance, financial goals, and market conditions using MPT.",Finance|Machine Learning|Automation
"Creating an online grocery delivery platform with route optimization for delivery drivers, dynamic pricing, and inventory management across multiple warehouses.",E-Commerce|Geospatial Systems|Automation
"Building an automated essay grading system using NLP that evaluates grammar, coherence, argument strength, and provides constructive feedback to students.",Education|Natural Language Processing|Machine Learning
"Developing an AI system that predicts court case outcomes based on historical case data, judge profiles, and legal arguments extracted from court filings.",Legal|Machine Learning|Natural Language Processing
"Creating a livestock health monitoring system using IoT collars that track animal movement, temperature, and feeding patterns to detect early signs of illness.",Agriculture|IoT|Machine Learning
"Building a forest fire spread prediction model using wind data, terrain maps, and vegetation density to help firefighters plan containment strategies.",Environmental Science|Machine Learning|Geospatial Systems
"Developing a chatbot framework that automates customer support workflows with escalation rules, ticket creation, and integration with CRM systems.",Automation|Natural Language Processing|Web Development
"Creating a multiplayer mobile quiz game with real-time competitive modes, leaderboards, and adaptive question difficulty using item response theory.",Game Development|Mobile Development|Education
Building a news article recommendation system using topic modeling and user reading history to curate a personalized news feed for readers.,Recommendation Systems|Natural Language Processing
Developing a license plate recognition system using image processing techniques that can read plates under various lighting and weather conditions.,Image Processing|Computer Vision
"Creating a Twitter bot detection system that uses account metadata analysis, posting pattern recognition, and network topology to classify automated accounts.",Social Media Analytics|Machine Learning|Cybersecurity
"Building a drone delivery path planning system that accounts for no-fly zones, weather conditions, and battery constraints using A-star algorithm with 3D maps.",Geospatial Systems|Robotics|Automation
Designing a haptic feedback system for surgical training simulators that provides realistic resistance and texture feedback during virtual procedures.,Human-Computer Interaction|Biomedical Engineering|Game Development
Developing a transfer learning framework that enables fine-tuning pre-trained computer vision models for custom domain-specific classification tasks.,Deep Learning|Machine Learning
Building a language model fine-tuning pipeline for domain-specific text generation using parameter-efficient methods like LoRA on open-source LLMs.,Deep Learning|Natural Language Processing
Creating a multi-object tracking system for sports analytics that identifies and tracks individual players across multiple camera angles during a cricket match.,Computer Vision|Data Analytics
Developing a noise-cancellation algorithm for hearing aids that adapts to different acoustic environments using deep neural network-based source separation.,Speech & Audio|Deep Learning|Biomedical Engineering
Building a swarm robotics system where multiple small robots coordinate to create formations and collectively transport large objects in confined spaces.,Robotics|Automation
Creating a weather station network using IoT sensors deployed across a university campus that feeds data into a hyperlocal weather prediction model.,IoT|Environmental Science|Machine Learning
Implementing a privilege escalation detection module that monitors system call patterns to identify unauthorized access attempts on Linux servers.,Cybersecurity
Developing a quality of service routing protocol for delay-sensitive applications like video conferencing in software-defined wide area networks.,Networking|Cloud Computing
"Building a container orchestration monitoring dashboard that visualizes Kubernetes cluster health, resource utilization, and auto-scaling events.",Cloud Computing|Web Development|Data Analytics
Creating a headless CMS with a REST and GraphQL API that supports multi-language content management and plugin-based extensibility.,Web Development|Database Systems
"Developing an offline-capable mobile app for field researchers to collect biodiversity data with photo capture, GPS tagging, and later cloud sync.",Mobile Development|Environmental Science|Geospatial Systems
Implementing a column-oriented storage engine optimized for analytical queries with vectorized query execution and compression for large datasets.,Database Systems
Building a DAO governance platform on blockchain where token holders vote on proposals with quadratic voting and on-chain execution of approved changes.,Blockchain|Finance
Creating an AB testing analytics engine that uses Bayesian statistical methods to determine experiment winners with fewer samples than frequentist approaches.,Data Analytics|Machine Learning
Developing a drug interaction checking system that cross-references patient medications against a medical knowledge base to flag potentially dangerous combinations.,Healthcare|Database Systems
Creating a rehabilitation progress tracking system using motion capture sensors that measures range of motion and generates physiotherapy exercise compliance reports.,Biomedical Engineering|Healthcare|IoT
Building a peer-to-peer lending platform with credit scoring using alternative data sources like mobile usage patterns and social media activity.,Finance|Machine Learning|Social Media Analytics
Creating a subscription box e-commerce site with personalized product curation based on customer taste profiles and feedback on previous boxes.,E-Commerce|Recommendation Systems
"Developing a virtual chemistry lab simulation where students can mix reagents, observe reactions, and complete experiments through an interactive web interface.",Education|Game Development|Web Development
Building an automated court filing system that generates properly formatted legal documents from structured input and submits them electronically to court databases.,Legal|Automation
"Creating an aquaponics monitoring system that balances fish tank and plant bed conditions using pH, ammonia, and temperature sensors with automated adjustments.",Agriculture|IoT|Automation
Developing a coral reef health assessment tool that analyzes underwater drone footage to classify coral species and detect bleaching events.,Environmental Science|Computer Vision|Deep Learning
Building a CI/CD pipeline automation tool that generates deployment configurations from repository metadata and manages staging and production releases.,Automation|Cloud Computing
Creating a rhythm-based mobile music game where players compose and share their own levels with a community-driven level marketplace.,Game Development|Mobile Development
Building a skill-based job recommendation engine that matches candidate resumes with job descriptions using word embeddings and semantic similarity.,Recommendation Systems|Natural Language Processing|Machine Learning
Developing a medical image segmentation tool that uses U-Net architecture to outline tumors in MRI brain scans for treatment planning.,Image Processing|Deep Learning|Healthcare
Creating a real-time election sentiment tracker that aggregates and analyzes social media posts during election periods to gauge public opinion by region.,Social Media Analytics|Natural Language Processing|Geospatial Systems
"Building a delivery drone fleet management system with real-time GPS tracking, automated route assignment, and no-fly zone compliance monitoring.",Geospatial Systems|Robotics|Automation
Designing a responsive voice user interface for a banking application that enables visually impaired users to check balances and transfer funds via speech.,Human-Computer Interaction|Speech & Audio|Finance
"Developing an ensemble model that combines random forest, XGBoost, and logistic regression using a stacking approach for improved credit default prediction.",Machine Learning|Finance
Creating a video deepfake detection system using frame-level analysis and temporal consistency checking with deep neural networks.,Deep Learning|Computer Vision|Cybersecurity
"Building a multilingual sentiment analysis system that can operate across English, Sinhala, and Tamil text without requiring separate models per language.",Natural Language Processing|Machine Learning
Developing a visual inspection system for quality control on a PCB manufacturing line that detects soldering defects and component misplacements.,Computer Vision|Automation|Image Processing
Creating a music genre classification system from audio waveforms using spectrogram analysis and convolutional neural networks.,Speech & Audio|Deep Learning|Machine Learning
Designing a telepresence robot for remote university lectures that allows a professor to navigate classrooms and interact with students from anywhere.,Robotics|Education|Human-Computer Interaction
"Building a flood prediction and early warning system using river level sensors, rainfall data, and a hydrological model with SMS-based community alerts.",IoT|Environmental Science|Geospatial Systems
"Developing a password strength evaluation tool that uses pattern analysis, dictionary checks, and leaked password database comparison with entropy scoring.",Cybersecurity
"Creating a network topology discovery and visualization tool that automatically maps connected devices, protocols, and latency on an enterprise LAN.",Networking|Data Analytics
Building a cost optimization engine for multi-cloud deployments that recommends resource right-sizing and spot instance usage to minimize cloud spending.,Cloud Computing|Finance|Automation
"Creating a static site generator with markdown support, theme customization, and automatic SEO tag generation for developer blogs and documentation.",Web Development
"Developing a cross-platform meditation and mindfulness mobile app with guided sessions, streak tracking, and biometric feedback via smartwatch integration.",Mobile Development|Healthcare|Human-Computer Interaction
"Building a query federation layer that enables SQL queries across heterogeneous data sources including PostgreSQL, MongoDB, and REST APIs as virtual tables.",Database Systems|Cloud Computing
Developing a blockchain-based electronic health record system that gives patients full control over who can access their medical data with audit trails.,Blockchain|Healthcare|Cybersecurity
"Creating an interactive climate data visualization tool that charts historical temperature, sea level, and CO2 data with future projections and scenario analysis.",Data Analytics|Environmental Science|Web Development
Developing a clinical decision support system that uses patient history and lab results to suggest potential diagnoses and recommended tests for physicians.,Healthcare|Machine Learning
Building a gel electrophoresis image analysis tool that automatically identifies DNA fragment sizes by comparing band positions against a molecular weight ladder.,Biomedical Engineering|Image Processing
"Creating a real-time foreign exchange trading dashboard with technical indicator overlays, pattern recognition alerts, and historical backtesting capabilities.",Finance|Data Analytics|Web Development
Building a product comparison search engine for electronics that scrapes specifications from multiple retailer websites and presents normalized side-by-side comparisons.,E-Commerce|Web Development|Data Analytics
Developing a sign language recognition system using computer vision that translates hand gestures to text in real-time to assist deaf communication.,Computer Vision|Deep Learning|Human-Computer Interaction
"Creating a distributed task scheduling system using message queues that handles job dependencies, retries, and dead letter queues for batch data processing.",Automation|Cloud Computing|Database Systems
"Building a real-time cricket statistics dashboard that processes ball-by-ball data to compute player performance metrics, wagon wheels, and win probability.",Data Analytics|Web Development
Developing a k-nearest neighbors based plant species identification system using leaf shape features extracted from photographed specimens.,Machine Learning|Agriculture|Image Processing
Creating a transformer-based code completion engine that suggests contextually relevant code snippets for Python development within a VS Code extension.,Deep Learning|Natural Language Processing
"Building an optical character recognition pipeline for historical Tamil manuscript digitization with binarization, line segmentation, and character classification.",Natural Language Processing|Image Processing
Developing a real-time surveillance system using edge computing that processes CCTV feeds locally to detect unauthorized intrusion and abandoned objects.,Computer Vision|IoT|Cybersecurity
Creating a speaker diarization system for meeting recordings that identifies who spoke when and generates speaker-attributed transcripts.,Speech & Audio|Natural Language Processing
Designing a robot bartender that recognizes drink orders through voice commands and uses a mechanical mixing system to prepare cocktails autonomously.,Robotics|Speech & Audio|Automation
Building a smart waste bin system using weight and fill-level sensors that optimizes garbage collection truck routes based on real-time bin status data.,IoT|Geospatial Systems|Automation
"Developing a phishing email detection system that analyzes email headers, embedded URLs, and writing style to classify messages as legitimate or fraudulent.",Cybersecurity|Natural Language Processing|Machine Learning
"Creating a network simulation tool that models packet flow, congestion, and routing algorithm behavior for teaching computer networking concepts to students.",Networking|Education
"Designing a serverless data lake architecture on AWS with automated ETL pipelines that process CSV, JSON, and Parquet files arriving in S3 buckets.",Cloud Computing|Data Analytics|Database Systems
"Building an accessible e-learning platform with screen reader support, keyboard navigation, and WCAG-compliant design for students with visual impairments.",Web Development|Education|Human-Computer Interaction
"Developing a wildlife tracking mobile app that lets park rangers log animal sightings, plot migration patterns, and share data with conservation researchers.",Mobile Development|Environmental Science|Geospatial Systems
Creating a materialized view maintenance system for a data warehouse that incrementally updates aggregated tables as new transactional data arrives.,Database Systems|Data Analytics
"Building a carbon credit marketplace using blockchain where companies can buy, sell, and retire verified carbon offset certificates with full audit trails.",Blockchain|Environmental Science|Finance
"Developing predictive models for hospital bed occupancy using admission data, seasonal illness trends, and local event schedules to optimize resource allocation.",Healthcare|Machine Learning|Data Analytics
Designing a non-invasive blood pressure estimation system using photoplethysmography signals from a smartphone camera and machine learning calibration.,Biomedical Engineering|Machine Learning|Mobile Development
Building a microfinance loan management system that uses alternative data and machine learning to assess creditworthiness of unbanked populations.,Finance|Machine Learning
"Creating a flash sale e-commerce system with queue management, rate limiting, and inventory reservation using Redis-backed distributed locks.",E-Commerce|Web Development|Database Systems
"Developing an interactive digital whiteboard for online classrooms with real-time collaboration, handwriting recognition, and session recording capabilities.",Education|Web Development|Human-Computer Interaction
Building an automated compliance monitoring system that scans company policies against regulatory frameworks and flags gaps requiring attention.,Legal|Natural Language Processing|Automation
Creating a soil quality analysis system using spectroscopy sensors and machine learning to predict nutrient levels and recommend targeted fertilizer application.,Agriculture|Machine Learning|IoT
Developing an ocean plastic pollution tracker that uses satellite imagery and machine learning to estimate plastic debris concentration in coastal waters.,Environmental Science|Deep Learning|Image Processing|Geospatial Systems
"Building a low-code workflow builder that lets non-technical users create approval chains, notifications, and data transformations through a visual drag-and-drop interface.",Automation|Web Development|Human-Computer Interaction
Creating a cloud gaming architecture that streams rendered game frames to thin clients with input prediction to compensate for network latency.,Game Development|Cloud Computing|Networking
Building a movie recommendation system that uses deep collaborative filtering with autoencoders to model complex user preference patterns.,Recommendation Systems|Deep Learning
"Developing a satellite image classification system that categorizes land use types including urban, forest, water, and agricultural areas from Landsat imagery.",Image Processing|Deep Learning|Geospatial Systems
"Creating a brand monitoring dashboard that tracks competitors on social media, compares engagement metrics, and generates competitive intelligence reports.",Social Media Analytics|Data Analytics
Building a tourist guide mobile app with augmented reality that overlays historical information and navigation cues on landmark views through the phone camera.,Geospatial Systems|Mobile Development|Human-Computer Interaction
Developing an eye-tracking based interface evaluation tool that creates heatmaps of user gaze patterns to analyze UI usability and visual hierarchy effectiveness.,Human-Computer Interaction|Data Analytics|Computer Vision
Building a text-to-SQL system that converts natural language questions to database queries using sequence-to-sequence models for non-technical business users.,Natural Language Processing|Deep Learning|Database Systems
Creating a reinforcement learning agent that learns optimal traffic signal timing to minimize average vehicle wait time at a four-way intersection.,Machine Learning|Automation
"Developing a real-time sign language to speech system that captures hand gestures from webcam, classifies signs, and synthesizes spoken audio output.",Computer Vision|Speech & Audio|Deep Learning|Human-Computer Interaction
Building a smart energy grid management system that balances renewable and conventional power sources based on demand forecasting and battery storage levels.,IoT|Machine Learning|Environmental Science
Developing a zero-knowledge proof authentication system for web applications that verifies user identity without transmitting or storing actual passwords.,Cybersecurity|Blockchain|Web Development
Building a 5G network slicing management system that dynamically allocates resources to virtual networks based on application requirements and SLA contracts.,Networking|Cloud Computing|Automation
"Creating an inventory management system for a pharmaceutical company with batch tracking, expiry alerts, and automated reorder point calculation.",Healthcare|Database Systems|Automation
"Developing a mobile banking application with biometric authentication, UPI integration, and real-time spending analytics categorized by merchant type.",Mobile Development|Finance|Cybersecurity
Creating a real-time collaborative database schema design tool with automatic migration script generation and visual entity-relationship diagram editing.,Database Systems|Web Development
"Building an NFT marketplace with lazy minting, auction mechanics, and creator royalty enforcement using ERC-721 smart contracts on Polygon.",Blockchain|E-Commerce
Developing a customer lifetime value prediction model using survival analysis and machine learning to help subscription businesses reduce churn.,Data Analytics|Machine Learning|Finance
"Creating a comprehensive hospital information system that integrates patient registration, billing, lab results, and pharmacy dispensing into a unified workflow.",Healthcare|Web Development|Database Systems
Building an EMG-based gesture control system that lets amputees control a virtual keyboard using residual muscle signals detected through surface electrodes.,Biomedical Engineering|Human-Computer Interaction|Machine Learning
Developing a waste classification system using computer vision that sorts recyclable materials from general waste on a conveyor belt.,Computer Vision|Environmental Science|Automation
"Creating a plant nursery management system with IoT monitoring, automated irrigation scheduling, and sales tracking for local horticulture businesses.",Agriculture|IoT|E-Commerce
Building a personal portfolio website with an integrated blog where users can add edit and delete posts using Next.js with responsive design and markdown editing support.,Web Development
Developing a full-featured e-commerce website with product listings shopping cart checkout process payment gateway integration with Stripe and user profiles with order history.,E-Commerce|Web Development
Creating a social media analytics dashboard that tracks followers views and engagement metrics from multiple platforms like Twitter YouTube and Instagram using Chart.js visualization.,Social Media Analytics|Web Development|Data Analytics
Building a real-time chat application with messaging file sharing channel creation group chats typing indicators and user online status using Socket.IO and WebSockets.,Web Development|Networking
Developing a full-stack video streaming platform similar to YouTube with video uploads HLS encoding content recommendations commenting system and user authentication.,Web Development|Cloud Computing
Creating a task management platform with Kanban board drag-and-drop functionality real-time collaboration task assignment deadline tracking and role-based access control using GraphQL.,Web Development|Automation
Building a SaaS project management tool with multi-tenant workspaces real-time notifications role-based access control and Stripe subscription management.,Web Development|Cloud Computing|Finance
Developing a weather dashboard that fetches real-time weather data from APIs displays forecasts with charts and provides location-based weather alerts.,Web Development|Data Analytics|Geospatial Systems
Creating a recipe sharing application where users can post recipes rate and review dishes search by ingredients and save favorites with shopping list generation.,Web Development
Building a real-time multiplayer online game with game state synchronization player matchmaking leaderboards and competitive rank systems using WebSockets.,Game Development|Web Development|Networking
Developing a blogging platform with a rich markdown editor post scheduling SEO optimization social sharing integration and user analytics dashboard.,Web Development|Social Media Analytics
Building a full-stack social media platform with user profiles news feed friend requests messaging notifications and content moderation features.,Web Development|Social Media Analytics
Developing an expense tracker web application with budget analysis monthly spending charts category-based expense breakdown and financial goal tracking.,Web Development|Finance|Data Analytics
Creating a news aggregator that fetches articles from multiple sources categorizes them by topic and provides personalized feed based on user reading preferences.,Web Development|Recommendation Systems|Natural Language Processing
Building a crypto portfolio tracker that monitors cryptocurrency prices calculates portfolio value in real-time tracks profit and loss and shows historical performance charts.,Finance|Web Development|Blockchain|Data Analytics
Developing a language translation application that uses natural language processing APIs to translate text between multiple languages with translation history and favorites.,Natural Language Processing|Web Development
Creating an AI-powered document scanner and analyzer that uses OCR to extract text from scanned documents classifies document types and enables keyword search.,Image Processing|Natural Language Processing|Machine Learning
Building a habit tracker with progress analytics streak tracking daily and weekly goal setting and motivational reminders using push notifications.,Web Development|Mobile Development
Developing a fitness and workout planner app that creates personalized exercise routines tracks workout progress and provides nutritional guidance.,Healthcare|Mobile Development|Web Development
Creating a personal finance tracker with budgeting features income and expense categorization savings goals and automated transaction importing.,Finance|Web Development|Data Analytics
Building a book recommendation system that analyzes reading preferences uses collaborative filtering to suggest new books and maintains reading lists with progress tracking.,Recommendation Systems|Machine Learning|Web Development
Developing a video conference platform with screen sharing breakout rooms recording capabilities virtual backgrounds and hand-raising features.,Web Development|Networking|Cloud Computing
Creating a daily journal application with calendar integration mood tracking photo entries sentiment analysis of journal entries and export functionality.,Web Development|Natural Language Processing
Building a restaurant reservation system with table management wait time estimation menu browsing customer reviews and integration with Google Maps.,Web Development|Database Systems|Geospatial Systems
Developing a health data dashboard with IoT integration that collects data from wearable devices tracks vital signs and provides AI-powered health insights.,Healthcare|IoT|Data Analytics|Machine Learning
Creating a recipe sharing app with voice recognition that allows users to navigate recipes hands-free using speech commands while cooking.,Speech & Audio|Web Development
Building an AI-powered language learning platform with speech recognition for pronunciation practice adaptive lessons vocabulary tracking and gamified progress.,Education|Speech & Audio|Machine Learning|Natural Language Processing
Developing a music playlist generator that uses machine learning recommendations based on listening history mood detection and collaborative filtering.,Recommendation Systems|Machine Learning|Speech & Audio
Creating a job application tracker that manages applications interview schedules company research notes and follow-up reminders with analytics on success rates.,Web Development|Automation
Building a real-time cryptocurrency trading simulator that allows users to practice trading with virtual money using real market data and technical indicators.,Finance|Data Analytics|Web Development
Developing a personal budget tracker with monthly analysis spending category breakdowns bill reminders and savings rate calculation.,Finance|Web Development|Data Analytics
Creating a personal document vault with end-to-end encryption file organization access control and secure sharing capabilities.,Cybersecurity|Web Development|Cloud Computing
Building a job search engine with custom filters that aggregates job listings from multiple sources matches skills with requirements and provides salary insights.,Web Development|Machine Learning|Recommendation Systems
Developing a peer-to-peer file sharing application with end-to-end encryption drag-and-drop upload and decentralized storage using WebRTC.,Networking|Cybersecurity
Creating an AI-driven movie recommendation system using collaborative filtering and content-based analysis to suggest movies based on viewing history and genre preferences.,Recommendation Systems|Machine Learning|Deep Learning
Building a travel itinerary planner with maps integration point-of-interest recommendations budget estimation and shared trip planning capabilities.,Geospatial Systems|Web Development|Recommendation Systems
Developing a fitness tracking app with GPS integration for route mapping during runs and cycling calorie tracking and performance analytics.,Mobile Development|Healthcare|Geospatial Systems
Creating an e-commerce platform with AI-powered product recommendations using collaborative filtering based on browsing behavior and purchase history.,E-Commerce|Machine Learning|Recommendation Systems|Web Development
Building a remote team collaboration board with sticky notes whiteboard drawing video chat integration and real-time cursor tracking.,Web Development|Human-Computer Interaction
Developing a real-time stock market dashboard that streams live stock prices displays technical indicator charts and provides customizable alerts for price movements.,Finance|Data Analytics|Web Development
Creating a mental health journal with mood tracking CBT-based exercises daily wellness check-ins and visualization of emotional patterns over time.,Healthcare|Web Development|Data Analytics
Building an IoT home automation dashboard that controls smart devices like lights thermostats and cameras through a web interface with scheduling and automation rules.,IoT|Web Development|Automation
Developing a flashcard app with spaced repetition algorithm that optimizes review intervals for efficient memorization and tracks learning progress.,Education|Machine Learning|Web Development
Creating a decentralized marketplace on Ethereum blockchain where users can list items for sale bid with cryptocurrency with smart contracts handling escrow and transactions.,Blockchain|E-Commerce|Cybersecurity
Building a blockchain-based document authentication system that timestamps documents on chain generates verification certificates and enables tamper-proof storage.,Blockchain|Cybersecurity|Legal
Developing an NFT marketplace with auction mechanism lazy minting creator royalty enforcement and collection management using ERC-721 smart contracts.,Blockchain|E-Commerce|Web Development
Creating a decentralized crowdfunding platform on blockchain with milestone-based fund release backer voting on project progress and transparent fund tracking.,Blockchain|Finance
Building a decentralized file storage system on IPFS with encryption access control lists file versioning and blockchain-based ownership verification.,Blockchain|Cybersecurity|Cloud Computing
Developing a decentralized voting system on blockchain with privacy-preserving protocols zero-knowledge proofs verifiable results and audit trail transparency.,Blockchain|Cybersecurity
Creating a decentralized social media platform where users own their data content is stored on IPFS and moderation is handled through community governance smart contracts.,Blockchain|Social Media Analytics|Web Development
Building a blockchain-based document notarization platform that provides legal proof of document existence at a specific time with timestamped hash verification.,Blockchain|Legal
Creating smart contracts for insurance claims that automate claim processing verify conditions through oracles and execute payouts without intermediaries.,Blockchain|Finance|Automation
Building a decentralized lending and borrowing platform with collateralized loans interest rate algorithms liquidation mechanisms and governance token voting.,Blockchain|Finance
Developing a supply chain management system with blockchain tracking that records product journey from manufacturer to consumer with IoT sensor verification.,Blockchain|IoT|E-Commerce
Creating an AI-powered image and video editor with background removal using deep learning automatic color grading face detection and real-time filter previews.,Deep Learning|Computer Vision|Image Processing
Building an AI-powered resume scanner that extracts key information using NLP matches candidate skills to job requirements and ranks applications by relevance.,Natural Language Processing|Machine Learning|Recommendation Systems
Developing a daily journal app with sentiment analysis that uses NLP to analyze the emotional tone of entries and tracks mood patterns over time.,Natural Language Processing|Healthcare|Data Analytics
Creating an AI-powered virtual stylist that recommends fashion outfits based on body type color preference analysis using computer vision and current trends.,Machine Learning|Computer Vision|Recommendation Systems
Developing an AI-powered health analysis dashboard that processes medical data identifies risk factors using machine learning and provides evidence-based health recommendations.,Healthcare|Machine Learning|Data Analytics
Creating an AI-based stock trading assistant that uses time-series forecasting technical indicator analysis and sentiment analysis from financial news for trade signals.,Finance|Machine Learning|Natural Language Processing|Data Analytics
Building an AI-driven sales forecasting platform that uses historical transaction data seasonal patterns and external market factors to predict future sales volumes.,Machine Learning|Data Analytics|Finance
Developing an AI-powered grammar checker using NLP that detects grammatical errors suggests style improvements and supports multiple languages.,Natural Language Processing|Machine Learning|Education
Creating an AI-powered language translator using transformer models that translates text between languages with context-aware translation and domain-specific vocabulary.,Natural Language Processing|Deep Learning
Building an AI-driven email categorization tool that automatically classifies emails by priority topic and required action using NLP and machine learning.,Natural Language Processing|Machine Learning|Automation
Developing an AI-powered document summarizer using extractive and abstractive summarization techniques to condense long documents into key points.,Natural Language Processing|Deep Learning
Creating an AI-driven social media sentiment analysis system that monitors brand mentions classifies sentiment in real-time and generates trend reports.,Social Media Analytics|Natural Language Processing|Machine Learning
Building an AI-powered recruitment platform that screens resumes with NLP conducts preliminary skill assessments and matches candidates to open positions.,Machine Learning|Natural Language Processing|Recommendation Systems
Developing an AI-powered workout planner that creates personalized exercise routines based on fitness goals physical capabilities and tracks adaptation using ML.,Healthcare|Machine Learning|Mobile Development
Creating an AI-powered legal document analysis tool using NLP that extracts clauses identifies legal risks compares with regulatory standards and suggests modifications.,Legal|Natural Language Processing|Machine Learning
Building an AI-based SEO content analysis tool that evaluates keyword density readability semantic relevance and competitor comparison for optimization.,Natural Language Processing|Machine Learning|Web Development
Creating a mood-based music recommendation system that detects user mood through text input or facial expression and suggests appropriate playlists.,Recommendation Systems|Machine Learning|Speech & Audio|Computer Vision
Building a real-time cryptocurrency portfolio system with AI predictions using ensemble models for price forecasting and risk assessment.,Finance|Machine Learning|Deep Learning|Data Analytics
Developing an AI personal finance assistant chatbot that analyzes spending habits provides budgeting advice and answers financial queries using NLP.,Finance|Natural Language Processing|Machine Learning
Creating an IoT smart garden management system with soil moisture sensors automated irrigation weather integration and plant health monitoring through camera-based analysis.,IoT|Agriculture|Machine Learning|Image Processing
Building a smart home automation control panel that integrates with IoT devices for lighting security cameras thermostats and appliance scheduling.,IoT|Automation|Web Development
Developing a health data tracker with wearable device integration that monitors heart rate steps sleep quality and provides health trend analysis.,IoT|Healthcare|Mobile Development|Data Analytics
Creating a smart home control dashboard that manages IoT devices through voice commands and mobile app with energy monitoring and usage optimization.,IoT|Automation|Speech & Audio|Mobile Development
Building a real-time Forex trading platform with analytics candlestick charts technical indicator overlays pattern recognition and automated trade execution.,Finance|Data Analytics|Web Development|Automation
Developing a personal investment dashboard with market insights portfolio performance tracking risk analysis and comparison with market indices.,Finance|Data Analytics|Web Development
Creating a multi-currency e-commerce platform with international payment processing currency conversion tax calculation and localized pricing.,E-Commerce|Finance|Web Development
Building a personal finance dashboard with forecasting using time-series models to predict future expenses income trends and savings trajectories.,Finance|Machine Learning|Data Analytics
Developing an e-learning platform with video courses quiz assessments certificate generation progress tracking and student-instructor interaction features.,Education|Web Development
Creating a virtual study group platform with video chat shared whiteboard document collaboration and session scheduling for remote students.,Education|Web Development|Networking
Building a quiz platform with leaderboards timed challenges difficulty adaptation based on performance and social competition features.,Education|Web Development|Game Development
Developing a study planner with calendar integration spaced repetition scheduling exam countdown and study session analytics.,Education|Web Development|Automation
Building a personal nutrition tracker mobile app that logs meals calculates macronutrients suggests dietary improvements and tracks calorie intake.,Healthcare|Mobile Development|Data Analytics
Developing a social media content scheduler that determines optimal posting times using engagement analytics and manages posts across multiple platforms.,Social Media Analytics|Web Development|Automation|Machine Learning
Creating a fitness progress tracker with photo comparison features body measurement logging workout history visualization and goal milestone celebration.,Healthcare|Mobile Development|Data Analytics
Building a real estate listing platform with map integration property filtering virtual tour capabilities price comparison and neighborhood analytics.,Web Development|Geospatial Systems|E-Commerce
Creating a real-time traffic monitoring dashboard that visualizes congestion patterns predicts traffic flow using historical data and suggests alternative routes.,Data Analytics|Geospatial Systems|Machine Learning
Building an automated email marketing platform with analytics A/B testing email template builder subscriber segmentation and campaign performance tracking.,Automation|Data Analytics|Web Development
Developing a customer relationship management CRM tool for small businesses with contact management sales pipeline task automation and reporting dashboard.,Web Development|Database Systems|Automation
Creating an event management and ticketing system with QR code verification seat selection promotional pricing and attendee check-in dashboard.,Web Development|E-Commerce
Building an inventory management system for small businesses with barcode scanning stock level alerts supplier management and purchase order automation.,E-Commerce|Database Systems|Automation
Creating a community forum with user moderation thread categorization reputation system and content quality voting for educational discussions.,Education|Web Development
Developing an online whiteboard with collaborative drawing shape tools text annotations image insertion and real-time multi-user editing.,Web Development|Human-Computer Interaction|Education
Building a music player application with lyrics display equalizer settings playlist management and album artwork integration.,Mobile Development|Speech & Audio
Creating a contact manager with import/export capabilities duplicate detection contact grouping and communication history tracking.,Web Development|Database Systems
Building a virtual reality travel experience application that lets users explore destinations in VR with 360 videos interactive guides and booking integration.,Human-Computer Interaction|Game Development|Geospatial Systems
Building a voice-activated personal assistant that recognizes natural language commands manages calendar events sends messages and provides information.,Speech & Audio|Natural Language Processing|Automation
